<?xml version="1.0" encoding="UTF-8"?>
<project-private xmlns="http://www.netbeans.org/ns/project-private/1">
    <editor-bookmarks xmlns="http://www.netbeans.org/ns/editor-bookmarks/2" lastBookmarkId="0"/>
    <open-files xmlns="http://www.netbeans.org/ns/projectui-open-files/2">
        <group>
            <file>file:/C:/Users/dudbub/Documents/NetBeansProjects/P2_DanielLCabrera_2096072/src/java/converters/EquipeConverter.java</file>
            <file>file:/C:/Users/dudbub/Documents/NetBeansProjects/P2_DanielLCabrera_2096072/src/java/dao/GenericDAO.java</file>
            <file>file:/C:/Users/dudbub/Documents/NetBeansProjects/P2_DanielLCabrera_2096072/src/java/dao/AgendamentoDAO.java</file>
            <file>file:/C:/Users/dudbub/Documents/NetBeansProjects/P2_DanielLCabrera_2096072/web/agendaEquipe.xhtml</file>
            <file>file:/C:/Users/dudbub/Documents/NetBeansProjects/P2_DanielLCabrera_2096072/src/java/converters/ServicoConverter.java</file>
            <file>file:/C:/Users/dudbub/Documents/NetBeansProjects/P2_DanielLCabrera_2096072/src/java/model/Agendamento.java</file>
            <file>file:/C:/Users/dudbub/Documents/NetBeansProjects/P2_DanielLCabrera_2096072/web/index.xhtml</file>
            <file>file:/C:/Users/dudbub/Documents/NetBeansProjects/P2_DanielLCabrera_2096072/src/java/dao/EquipeDAO.java</file>
            <file>file:/C:/Users/dudbub/Documents/NetBeansProjects/P2_DanielLCabrera_2096072/src/java/beans/AplicacaoBean.java</file>
            <file>file:/C:/Users/dudbub/Documents/NetBeansProjects/P2_DanielLCabrera_2096072/src/java/model/Equipe.java</file>
            <file>file:/C:/Users/dudbub/Documents/NetBeansProjects/P2_DanielLCabrera_2096072/src/java/beans/BuscaBean.java</file>
            <file>file:/C:/Users/dudbub/Documents/NetBeansProjects/P2_DanielLCabrera_2096072/src/java/dao/ServicoDAO.java</file>
        </group>
    </open-files>
</project-private>
